1510851352380,1510851352419,1510851352570,1510851352591
1510851352401,1510851352565,1510851352583,1510851352593
1510851352425,1510851352572,1510851352584,1510851352595
1510851352446,1510851352581,1510851352586,1510851352596
1510851352469,1510851352588,1510851352593,1510851352598
1510851352490,1510851352598,1510851352603,1510851352605
1510851352513,1510851352606,1510851352611,1510851352613
1510851352536,1510851352613,1510851352617,1510851352619
1510851352559,1510851352619,1510851352625,1510851352627
1510851352585,1510851352627,1510851352631,1510851352633
1510851352612,1510851352636,1510851352639,1510851352641
1510851352639,1510851352660,1510851352664,1510851352666
1510851352664,1510851352682,1510851352685,1510851352688
1510851352685,1510851352702,1510851352705,1510851352708
1510851352705,1510851352723,1510851352726,1510851352729
1510851352726,1510851352743,1510851352747,1510851352751
1510851352746,1510851352763,1510851352767,1510851352770
1510851352767,1510851352786,1510851352790,1510851352792
1510851352789,1510851352807,1510851352811,1510851352815
1510851352811,1510851352831,1510851352835,1510851352838
1510851352835,1510851352852,1510851352856,1510851352859
1510851352856,1510851352873,1510851352878,1510851352881
1510851352878,1510851352896,1510851352899,1510851352901
1510851352898,1510851352916,1510851352918,1510851352920
1510851352919,1510851352935,1510851352938,1510851352941
1510851352938,1510851352955,1510851352958,1510851352960
1510851352959,1510851352977,1510851352981,1510851352983
1510851352981,1510851352999,1510851353002,1510851353004
1510851353002,1510851353020,1510851353022,1510851353024
1510851353022,1510851353040,1510851353043,1510851353045
1510851353043,1510851353060,1510851353063,1510851353066
1510851353064,1510851353082,1510851353086,1510851353088
1510851353086,1510851353104,1510851353107,1510851353109
1510851353107,1510851353127,1510851353130,1510851353132
1510851353130,1510851353149,1510851353152,1510851353155
1510851353153,1510851353171,1510851353174,1510851353177
1510851353175,1510851353193,1510851353196,1510851353198
1510851353197,1510851353217,1510851353223,1510851353226
1510851353221,1510851353242,1510851353245,1510851353246
1510851353245,1510851353263,1510851353266,1510851353268
1510851353266,1510851353288,1510851353292,1510851353294
1510851353291,1510851353310,1510851353314,1510851353317
1510851353315,1510851353333,1510851353336,1510851353338
1510851353337,1510851353357,1510851353361,1510851353364
1510851353361,1510851353380,1510851353383,1510851353385
1510851353384,1510851353402,1510851353404,1510851353406
1510851353405,1510851353428,1510851353432,1510851353435
1510851353432,1510851353451,1510851353453,1510851353455
1510851353454,1510851353472,1510851353475,1510851353478
1510851353477,1510851353497,1510851353499,1510851353502
1510851353499,1510851353518,1510851353522,1510851353524
1510851353522,1510851353540,1510851353543,1510851353545
1510851353544,1510851353565,1510851353568,1510851353570
1510851353569,1510851353587,1510851353589,1510851353591
1510851353590,1510851353610,1510851353615,1510851353617
1510851353616,1510851353637,1510851353640,1510851353642
1510851353640,1510851353658,1510851353661,1510851353662
1510851353661,1510851353681,1510851353683,1510851353686
1510851353684,1510851353703,1510851353706,1510851353708
1510851353707,1510851353726,1510851353729,1510851353730
1510851353729,1510851353748,1510851353751,1510851353753
1510851353751,1510851353770,1510851353773,1510851353775
1510851353774,1510851353792,1510851353795,1510851353797
1510851353796,1510851353815,1510851353819,1510851353822
1510851353819,1510851353841,1510851353844,1510851353845
1510851353844,1510851353860,1510851353863,1510851353866
1510851353865,1510851353883,1510851353886,1510851353888
1510851353886,1510851353904,1510851353907,1510851353909
1510851353908,1510851353926,1510851353929,1510851353930
1510851353929,1510851353946,1510851353949,1510851353951
1510851353950,1510851353969,1510851353972,1510851353974
1510851353973,1510851353990,1510851353993,1510851353995
1510851353994,1510851354012,1510851354017,1510851354019
1510851354019,1510851354036,1510851354038,1510851354040
1510851354039,1510851354056,1510851354059,1510851354061
1510851354060,1510851354078,1510851354082,1510851354084
1510851354082,1510851354100,1510851354102,1510851354104
1510851354103,1510851354120,1510851354122,1510851354123
1510851354123,1510851354139,1510851354142,1510851354144
1510851354143,1510851354160,1510851354163,1510851354165
1510851354164,1510851354182,1510851354185,1510851354187
1510851354187,1510851354204,1510851354207,1510851354209
1510851354208,1510851354226,1510851354229,1510851354231
1510851354229,1510851354248,1510851354251,1510851354253
1510851354252,1510851354270,1510851354273,1510851354275
1510851354273,1510851354291,1510851354295,1510851354297
1510851354296,1510851354317,1510851354320,1510851354322
1510851354321,1510851354338,1510851354340,1510851354342
1510851354341,1510851354359,1510851354363,1510851354365
1510851354364,1510851354383,1510851354386,1510851354387
1510851354386,1510851354406,1510851354410,1510851354414
1510851354412,1510851354432,1510851354435,1510851354437
1510851354436,1510851354453,1510851354455,1510851354457
1510851354456,1510851354475,1510851354478,1510851354480
1510851354480,1510851354501,1510851354504,1510851354506
1510851354504,1510851354524,1510851354526,1510851354529
1510851354527,1510851354548,1510851354553,1510851354556
1510851354551,1510851354568,1510851354572,1510851354574
1510851354572,1510851354591,1510851354593,1510851354594
1510851354594,1510851354616,1510851354618,1510851354620
1510851354619,1510851354636,1510851354638,1510851354640
1510851354639,1510851354656,1510851354659,1510851354661
1510851354660,1510851354678,1510851354681,1510851354683
1510851354682,1510851354699,1510851354702,1510851354703
1510851354702,1510851354719,1510851354721,1510851354723
1510851354722,1510851354739,1510851354742,1510851354744
1510851354743,1510851354760,1510851354762,1510851354764
1510851354763,1510851354782,1510851354785,1510851354787
1510851354786,1510851354804,1510851354807,1510851354809
1510851354808,1510851354828,1510851354830,1510851354832
1510851354831,1510851354847,1510851354850,1510851354852
1510851354851,1510851354871,1510851354874,1510851354876
1510851354875,1510851354899,1510851354902,1510851354903
1510851354904,1510851354922,1510851354924,1510851354926
1510851354927,1510851354943,1510851354949,1510851354951
1510851354948,1510851354970,1510851354973,1510851354975
1510851354975,1510851354994,1510851354997,1510851354998
1510851354999,1510851355019,1510851355022,1510851355024
1510851355022,1510851355039,1510851355041,1510851355043
1510851355042,1510851355060,1510851355064,1510851355066
1510851355064,1510851355082,1510851355084,1510851355086
1510851355086,1510851355104,1510851355107,1510851355109
1510851355108,1510851355127,1510851355130,1510851355131
1510851355131,1510851355150,1510851355153,1510851355155
1510851355155,1510851355173,1510851355176,1510851355178
1510851355177,1510851355197,1510851355202,1510851355204
1510851355202,1510851355222,1510851355225,1510851355226
1510851355225,1510851355242,1510851355246,1510851355251
1510851355246,1510851355266,1510851355270,1510851355272
1510851355269,1510851355289,1510851355291,1510851355293
1510851355292,1510851355318,1510851355321,1510851355323
1510851355321,1510851355341,1510851355344,1510851355345
1510851355344,1510851355362,1510851355365,1510851355371
1510851355367,1510851355390,1510851355393,1510851355394
1510851355393,1510851355416,1510851355419,1510851355421
1510851355420,1510851355441,1510851355444,1510851355446
1510851355446,1510851355463,1510851355466,1510851355467
1510851355467,1510851355485,1510851355487,1510851355489
1510851355488,1510851355509,1510851355512,1510851355515
1510851355514,1510851355532,1510851355534,1510851355536
1510851355535,1510851355552,1510851355555,1510851355556
1510851355556,1510851355575,1510851355579,1510851355581
1510851355581,1510851355599,1510851355601,1510851355602
1510851355602,1510851355621,1510851355623,1510851355625
1510851355625,1510851355645,1510851355647,1510851355649
1510851355648,1510851355665,1510851355667,1510851355669
1510851355669,1510851355687,1510851355689,1510851355691
1510851355690,1510851355711,1510851355717,1510851355718
1510851355717,1510851355734,1510851355737,1510851355738
1510851355738,1510851355755,1510851355758,1510851355759
1510851355759,1510851355778,1510851355781,1510851355783
1510851355782,1510851355799,1510851355802,1510851355804
1510851355803,1510851355823,1510851355825,1510851355826
1510851355826,1510851355845,1510851355848,1510851355849
1510851355849,1510851355866,1510851355868,1510851355870
1510851355871,1510851355888,1510851355890,1510851355892
1510851355891,1510851355911,1510851355915,1510851355916
1510851355915,1510851355934,1510851355937,1510851355938
1510851355938,1510851355955,1510851355957,1510851355959
1510851355958,1510851355980,1510851355983,1510851355985
1510851355984,1510851356002,1510851356004,1510851356006
1510851356005,1510851356024,1510851356026,1510851356028
1510851356027,1510851356047,1510851356049,1510851356051
1510851356051,1510851356068,1510851356070,1510851356072
1510851356072,1510851356090,1510851356092,1510851356093
1510851356093,1510851356112,1510851356115,1510851356116
1510851356116,1510851356135,1510851356137,1510851356139
1510851356138,1510851356155,1510851356157,1510851356159
1510851356159,1510851356177,1510851356182,1510851356183
1510851356183,1510851356202,1510851356204,1510851356206
1510851356205,1510851356224,1510851356227,1510851356229
1510851356228,1510851356247,1510851356250,1510851356251
1510851356250,1510851356271,1510851356274,1510851356275
1510851356275,1510851356293,1510851356295,1510851356297
1510851356296,1510851356318,1510851356322,1510851356326
1510851356324,1510851356342,1510851356344,1510851356346
1510851356346,1510851356363,1510851356366,1510851356367
1510851356367,1510851356388,1510851356391,1510851356392
1510851356391,1510851356410,1510851356413,1510851356414
1510851356414,1510851356432,1510851356436,1510851356438
1510851356438,1510851356456,1510851356458,1510851356460
1510851356459,1510851356476,1510851356478,1510851356479
1510851356479,1510851356496,1510851356498,1510851356500
1510851356500,1510851356518,1510851356520,1510851356522
1510851356521,1510851356538,1510851356541,1510851356542
1510851356542,1510851356560,1510851356563,1510851356564
1510851356564,1510851356582,1510851356585,1510851356586
1510851356585,1510851356604,1510851356607,1510851356608
1510851356608,1510851356626,1510851356629,1510851356631
1510851356630,1510851356648,1510851356651,1510851356653
1510851356652,1510851356671,1510851356673,1510851356676
1510851356675,1510851356693,1510851356696,1510851356698
1510851356697,1510851356716,1510851356719,1510851356720
1510851356719,1510851356736,1510851356738,1510851356740
1510851356740,1510851356756,1510851356759,1510851356761
1510851356760,1510851356778,1510851356782,1510851356784
1510851356783,1510851356802,1510851356804,1510851356806
1510851356805,1510851356822,1510851356824,1510851356826
1510851356825,1510851356843,1510851356846,1510851356847
1510851356847,1510851356864,1510851356867,1510851356869
1510851356869,1510851356888,1510851356891,1510851356893
1510851356892,1510851356910,1510851356913,1510851356914
1510851356914,1510851356932,1510851356934,1510851356935
1510851356935,1510851356953,1510851356956,1510851356958
1510851356957,1510851356974,1510851356976,1510851356978
1510851356978,1510851356996,1510851356998,1510851357000
1510851357000,1510851357018,1510851357021,1510851357022
1510851357021,1510851357039,1510851357042,1510851357044
1510851357044,1510851357061,1510851357064,1510851357066
1510851357065,1510851357083,1510851357086,1510851357088
1510851357088,1510851357105,1510851357108,1510851357110
1510851357109,1510851357128,1510851357131,1510851357133
1510851357132,1510851357149,1510851357151,1510851357153
1510851357153,1510851357173,1510851357176,1510851357180
1510851357177,1510851357197,1510851357200,1510851357202
1510851357201,1510851357220,1510851357222,1510851357223
1510851357223,1510851357243,1510851357247,1510851357250
1510851357248,1510851357268,1510851357270,1510851357272
1510851357271,1510851357290,1510851357292,1510851357293
1510851357293,1510851357312,1510851357317,1510851357320
1510851357319,1510851357341,1510851357343,1510851357345
1510851357344,1510851357362,1510851357364,1510851357366
1510851357365,1510851357386,1510851357391,1510851357393
1510851357391,1510851357410,1510851357413,1510851357417
1510851357416,1510851357435,1510851357437,1510851357442
1510851357438,1510851357458,1510851357461,1510851357462
1510851357462,1510851357481,1510851357483,1510851357484
1510851357484,1510851357504,1510851357509,1510851357512
1510851357509,1510851357531,1510851357534,1510851357535
1510851357535,1510851357553,1510851357556,1510851357557
1510851357557,1510851357579,1510851357582,1510851357584
1510851357583,1510851357600,1510851357602,1510851357604
1510851357603,1510851357623,1510851357625,1510851357627
1510851357627,1510851357645,1510851357648,1510851357651
1510851357651,1510851357670,1510851357673,1510851357674
1510851357674,1510851357692,1510851357694,1510851357696
1510851357695,1510851357715,1510851357719,1510851357721
1510851357721,1510851357740,1510851357742,1510851357744
1510851357743,1510851357761,1510851357763,1510851357764
1510851357765,1510851357786,1510851357791,1510851357792
1510851357789,1510851357808,1510851357810,1510851357812
1510851357811,1510851357830,1510851357833,1510851357834
1510851357834,1510851357853,1510851357856,1510851357858
1510851357857,1510851357875,1510851357877,1510851357878
1510851357878,1510851357896,1510851357898,1510851357902
1510851357901,1510851357922,1510851357926,1510851357928
1510851357926,1510851357944,1510851357948,1510851357950
1510851357947,1510851357965,1510851357969,1510851357972
1510851357971,1510851357990,1510851357992,1510851357994
1510851357993,1510851358011,1510851358016,1510851358017
1510851358016,1510851358034,1510851358036,1510851358040
1510851358038,1510851358058,1510851358061,1510851358062
1510851358062,1510851358081,1510851358083,1510851358085
1510851358084,1510851358102,1510851358106,1510851358110
1510851358108,1510851358131,1510851358134,1510851358135
1510851358135,1510851358153,1510851358157,1510851358159
1510851358157,1510851358180,1510851358185,1510851358188
1510851358185,1510851358204,1510851358206,1510851358208
1510851358208,1510851358226,1510851358229,1510851358230
1510851358230,1510851358248,1510851358252,1510851358255
1510851358253,1510851358271,1510851358274,1510851358276
1510851358275,1510851358293,1510851358295,1510851358299
1510851358296,1510851358319,1510851358321,1510851358324
1510851358323,1510851358340,1510851358342,1510851358344
1510851358344,1510851358361,1510851358364,1510851358367
1510851358366,1510851358388,1510851358392,1510851358394
1510851358391,1510851358411,1510851358413,1510851358416
1510851358414,1510851358433,1510851358435,1510851358439
1510851358438,1510851358457,1510851358459,1510851358462
1510851358460,1510851358479,1510851358482,1510851358484
1510851358483,1510851358501,1510851358503,1510851358509
1510851358506,1510851358529,1510851358532,1510851358535
1510851358533,1510851358552,1510851358554,1510851358555
1510851358555,1510851358576,1510851358578,1510851358581
1510851358579,1510851358603,1510851358605,1510851358608
1510851358607,1510851358627,1510851358630,1510851358632
1510851358632,1510851358657,1510851358660,1510851358663
1510851358660,1510851358687,1510851358690,1510851358691
1510851358691,1510851358717,1510851358721,1510851358725
1510851358723,1510851358742,1510851358744,1510851358746
1510851358745,1510851358763,1510851358766,1510851358767
1510851358767,1510851358788,1510851358791,1510851358793
1510851358793,1510851358811,1510851358813,1510851358814
1510851358814,1510851358833,1510851358835,1510851358837
1510851358837,1510851358856,1510851358858,1510851358860
1510851358859,1510851358878,1510851358881,1510851358883
1510851358883,1510851358900,1510851358903,1510851358905
1510851358904,1510851358925,1510851358928,1510851358929
1510851358929,1510851358947,1510851358949,1510851358950
1510851358950,1510851358968,1510851358971,1510851358974
1510851358972,1510851358991,1510851358993,1510851358996
1510851358995,1510851359013,1510851359018,1510851359019
1510851359019,1510851359036,1510851359039,1510851359041
1510851359040,1510851359058,1510851359061,1510851359063
1510851359062,1510851359080,1510851359083,1510851359084
1510851359084,1510851359101,1510851359104,1510851359107
1510851359106,1510851359128,1510851359131,1510851359132
1510851359132,1510851359149,1510851359151,1510851359153
1510851359153,1510851359171,1510851359173,1510851359176
1510851359175,1510851359196,1510851359198,1510851359199
1510851359199,1510851359217,1510851359220,1510851359221
1510851359221,1510851359242,1510851359245,1510851359247
1510851359245,1510851359263,1510851359266,1510851359267
1510851359267,1510851359285,1510851359288,1510851359289
1510851359288,1510851359307,1510851359309,1510851359312
1510851359310,1510851359333,1510851359336,1510851359337
1510851359336,1510851359354,1510851359356,1510851359357
1510851359357,1510851359376,1510851359378,1510851359382
1510851359380,1510851359400,1510851359403,1510851359405
1510851359404,1510851359425,1510851359427,1510851359428
1510851359428,1510851359447,1510851359450,1510851359454
1510851359451,1510851359470,1510851359473,1510851359474
1510851359474,1510851359492,1510851359494,1510851359496
1510851359496,1510851359515,1510851359519,1510851359523
1510851359521,1510851359540,1510851359542,1510851359544
1510851359544,1510851359561,1510851359564,1510851359565
1510851359566,1510851359587,1510851359590,1510851359592
1510851359591,1510851359608,1510851359611,1510851359613
1510851359612,1510851359631,1510851359633,1510851359635
1510851359635,1510851359654,1510851359657,1510851359660
1510851359658,1510851359677,1510851359681,1510851359682
1510851359681,1510851359699,1510851359702,1510851359703
1510851359702,1510851359726,1510851359728,1510851359731
1510851359730,1510851359748,1510851359750,1510851359755
1510851359751,1510851359771,1510851359773,1510851359776
1510851359774,1510851359797,1510851359800,1510851359801
1510851359800,1510851359819,1510851359821,1510851359823
1510851359822,1510851359841,1510851359843,1510851359845
1510851359844,1510851359863,1510851359866,1510851359868
1510851359866,1510851359884,1510851359887,1510851359888
1510851359887,1510851359907,1510851359909,1510851359912
1510851359910,1510851359933,1510851359936,1510851359937
1510851359937,1510851359954,1510851359956,1510851359958
1510851359957,1510851359976,1510851359978,1510851359982
1510851359979,1510851360001,1510851360004,1510851360005
1510851360005,1510851360024,1510851360026,1510851360028
1510851360027,1510851360047,1510851360050,1510851360053
1510851360052,1510851360070,1510851360073,1510851360074
1510851360074,1510851360092,1510851360094,1510851360096
1510851360095,1510851360115,1510851360119,1510851360123
1510851360121,1510851360141,1510851360143,1510851360144
1510851360144,1510851360161,1510851360164,1510851360165
1510851360165,1510851360185,1510851360188,1510851360191
1510851360189,1510851360208,1510851360211,1510851360212
1510851360211,1510851360230,1510851360233,1510851360234
1510851360233,1510851360253,1510851360257,1510851360259
1510851360258,1510851360276,1510851360278,1510851360280
1510851360279,1510851360297,1510851360300,1510851360301
1510851360301,1510851360324,1510851360327,1510851360330
1510851360328,1510851360346,1510851360348,1510851360350
1510851360349,1510851360367,1510851360371,1510851360374
1510851360372,1510851360393,1510851360396,1510851360398
1510851360397,1510851360418,1510851360421,1510851360422
1510851360422,1510851360441,1510851360444,1510851360446
1510851360445,1510851360468,1510851360471,1510851360473
1510851360472,1510851360492,1510851360494,1510851360496
1510851360495,1510851360518,1510851360522,1510851360525
1510851360524,1510851360544,1510851360547,1510851360548
1510851360547,1510851360566,1510851360570,1510851360573
1510851360571,1510851360597,1510851360601,1510851360602
1510851360601,1510851360623,1510851360632,1510851360634
1510851360628,1510851360649,1510851360652,1510851360654
1510851360654,1510851360672,1510851360674,1510851360676
1510851360676,1510851360694,1510851360696,1510851360697
1510851360697,1510851360718,1510851360721,1510851360725
1510851360723,1510851360742,1510851360745,1510851360746
1510851360746,1510851360763,1510851360765,1510851360767
1510851360767,1510851360788,1510851360791,1510851360793
1510851360791,1510851360809,1510851360812,1510851360813
1510851360813,1510851360832,1510851360834,1510851360835
1510851360836,1510851360855,1510851360858,1510851360859
1510851360859,1510851360877,1510851360880,1510851360882
1510851360881,1510851360899,1510851360901,1510851360902
1510851360902,1510851360927,1510851360929,1510851360931
1510851360930,1510851360947,1510851360949,1510851360951
1510851360951,1510851360969,1510851360971,1510851360974
1510851360973,1510851360993,1510851360995,1510851360997
1510851360996,1510851361015,1510851361018,1510851361020
1510851361019,1510851361039,1510851361041,1510851361043
1510851361042,1510851361061,1510851361064,1510851361065
1510851361065,1510851361084,1510851361086,1510851361087
1510851361087,1510851361108,1510851361112,1510851361114
1510851361113,1510851361133,1510851361135,1510851361137
1510851361137,1510851361155,1510851361157,1510851361159
1510851361158,1510851361177,1510851361182,1510851361185
1510851361183,1510851361203,1510851361205,1510851361206
1510851361206,1510851361225,1510851361227,1510851361229
1510851361229,1510851361247,1510851361250,1510851361254
1510851361252,1510851361270,1510851361272,1510851361274
1510851361274,1510851361292,1510851361294,1510851361296
1510851361296,1510851361315,1510851361319,1510851361323
1510851361321,1510851361341,1510851361343,1510851361344
1510851361345,1510851361362,1510851361365,1510851361366
1510851361366,1510851361386,1510851361388,1510851361391
1510851361392,1510851361410,1510851361413,1510851361414
1510851361414,1510851361433,1510851361435,1510851361438
1510851361438,1510851361460,1510851361462,1510851361464
1510851361464,1510851361483,1510851361485,1510851361487
1510851361487,1510851361505,1510851361510,1510851361511
1510851361512,1510851361536,1510851361538,1510851361539
1510851361539,1510851361556,1510851361559,1510851361560
1510851361560,1510851361578,1510851361583,1510851361585
1510851361584,1510851361602,1510851361604,1510851361605
1510851361606,1510851361625,1510851361627,1510851361628
1510851361628,1510851361647,1510851361650,1510851361652
1510851361653,1510851361670,1510851361673,1510851361674
1510851361674,1510851361691,1510851361693,1510851361695
1510851361695,1510851361713,1510851361718,1510851361720
1510851361720,1510851361740,1510851361742,1510851361744
1510851361744,1510851361761,1510851361763,1510851361765
1510851361766,1510851361786,1510851361789,1510851361792
1510851361790,1510851361808,1510851361811,1510851361815
1510851361812,1510851361831,1510851361834,1510851361837
1510851361836,1510851361856,1510851361858,1510851361860
1510851361859,1510851361878,1510851361881,1510851361882
1510851361882,1510851361900,1510851361902,1510851361907
1510851361904,1510851361927,1510851361930,1510851361932
1510851361931,1510851361949,1510851361951,1510851361952
1510851361952,1510851361971,1510851361973,1510851361975
1510851361974,1510851361993,1510851361996,1510851361997
1510851361997,1510851362015,1510851362018,1510851362020
1510851362020,1510851362038,1510851362040,1510851362043
1510851362042,1510851362061,1510851362063,1510851362065
1510851362064,1510851362082,1510851362084,1510851362086
1510851362086,1510851362105,1510851362108,1510851362112
1510851362111,1510851362131,1510851362133,1510851362135
1510851362134,1510851362152,1510851362154,1510851362155
1510851362155,1510851362174,1510851362176,1510851362178
1510851362177,1510851362200,1510851362202,1510851362203
1510851362203,1510851362222,1510851362224,1510851362225
1510851362225,1510851362245,1510851362248,1510851362249
1510851362249,1510851362265,1510851362267,1510851362269
1510851362269,1510851362286,1510851362288,1510851362290
1510851362290,1510851362308,1510851362310,1510851362312
1510851362312,1510851362334,1510851362337,1510851362338
1510851362338,1510851362354,1510851362356,1510851362358
1510851362358,1510851362380,1510851362382,1510851362384
1510851362383,1510851362401,1510851362403,1510851362405
1510851362405,1510851362423,1510851362425,1510851362427
1510851362427,1510851362450,1510851362452,1510851362455
1510851362454,1510851362471,1510851362473,1510851362475
1510851362475,1510851362493,1510851362495,1510851362496
1510851362497,1510851362517,1510851362521,1510851362524
1510851362522,1510851362541,1510851362544,1510851362545
1510851362545,1510851362563,1510851362565,1510851362566
1510851362566,1510851362586,1510851362590,1510851362593
1510851362590,1510851362608,1510851362611,1510851362613
1510851362612,1510851362631,1510851362633,1510851362639
1510851362635,1510851362655,1510851362657,1510851362659
1510851362658,1510851362677,1510851362680,1510851362681
1510851362681,1510851362698,1510851362700,1510851362701
1510851362702,1510851362724,1510851362726,1510851362729
1510851362729,1510851362746,1510851362749,1510851362750
1510851362750,1510851362767,1510851362771,1510851362773
1510851362772,1510851362794,1510851362796,1510851362797
1510851362797,1510851362816,1510851362818,1510851362819
1510851362819,1510851362837,1510851362839,1510851362842
1510851362840,1510851362858,1510851362860,1510851362863
1510851362862,1510851362882,1510851362884,1510851362885
1510851362885,1510851362903,1510851362905,1510851362910
1510851362909,1510851362932,1510851362934,1510851362936
1510851362935,1510851362952,1510851362954,1510851362955
1510851362956,1510851362975,1510851362977,1510851362979
1510851362978,1510851363001,1510851363004,1510851363006
1510851363006,1510851363025,1510851363027,1510851363028
1510851363028,1510851363047,1510851363050,1510851363053
1510851363052,1510851363071,1510851363073,1510851363076
1510851363075,1510851363092,1510851363094,1510851363096
1510851363096,1510851363116,1510851363119,1510851363122
1510851363122,1510851363141,1510851363143,1510851363144
1510851363144,1510851363162,1510851363165,1510851363166
1510851363167,1510851363187,1510851363190,1510851363192
1510851363191,1510851363209,1510851363211,1510851363212
1510851363212,1510851363231,1510851363233,1510851363234
1510851363234,1510851363257,1510851363259,1510851363261
1510851363260,1510851363279,1510851363281,1510851363283
1510851363283,1510851363301,1510851363305,1510851363307
1510851363307,1510851363328,1510851363331,1510851363333
1510851363332,1510851363349,1510851363351,1510851363352
1510851363353,1510851363373,1510851363376,1510851363382
1510851363379,1510851363397,1510851363400,1510851363401
1510851363401,1510851363420,1510851363422,1510851363423
1510851363423,1510851363442,1510851363444,1510851363445
1510851363445,1510851363467,1510851363470,1510851363471
1510851363471,1510851363489,1510851363491,1510851363492
1510851363492,1510851363511,1510851363514,1510851363516
1510851363516,1510851363539,1510851363541,1510851363543
1510851363542,1510851363560,1510851363562,1510851363563
1510851363564,1510851363583,1510851363585,1510851363590
1510851363588,1510851363611,1510851363615,1510851363617
1510851363617,1510851363635,1510851363637,1510851363639
1510851363639,1510851363658,1510851363661,1510851363665
1510851363664,1510851363683,1510851363686,1510851363687
1510851363687,1510851363706,1510851363708,1510851363710
1510851363710,1510851363733,1510851363736,1510851363737
1510851363736,1510851363753,1510851363755,1510851363757
1510851363757,1510851363776,1510851363778,1510851363780
1510851363779,1510851363799,1510851363801,1510851363802
1510851363802,1510851363821,1510851363823,1510851363825
1510851363825,1510851363843,1510851363845,1510851363849
1510851363847,1510851363866,1510851363868,1510851363870
1510851363870,1510851363888,1510851363890,1510851363891
1510851363891,1510851363913,1510851363915,1510851363917
1510851363916,1510851363936,1510851363938,1510851363940
1510851363939,1510851363957,1510851363959,1510851363960
1510851363960,1510851363979,1510851363981,1510851363983
1510851363982,1510851364005,1510851364007,1510851364008
1510851364009,1510851364027,1510851364029,1510851364031
1510851364031,1510851364050,1510851364053,1510851364055
1510851364056,1510851364073,1510851364075,1510851364076
1510851364076,1510851364094,1510851364097,1510851364098
1510851364098,1510851364119,1510851364125,1510851364128
1510851364126,1510851364145,1510851364147,1510851364149
1510851364148,1510851364165,1510851364168,1510851364171
1510851364170,1510851364190,1510851364192,1510851364194
1510851364194,1510851364211,1510851364214,1510851364215
1510851364215,1510851364234,1510851364236,1510851364240
1510851364239,1510851364257,1510851364259,1510851364260
1510851364260,1510851364278,1510851364280,1510851364281
1510851364282,1510851364299,1510851364301,1510851364302
1510851364302,1510851364324,1510851364327,1510851364329
1510851364328,1510851364345,1510851364347,1510851364348
1510851364348,1510851364366,1510851364369,1510851364375
1510851364370,1510851364391,1510851364394,1510851364395
1510851364394,1510851364414,1510851364416,1510851364417
1510851364418,1510851364437,1510851364441,1510851364445
1510851364443,1510851364461,1510851364463,1510851364464
1510851364465,1510851364482,1510851364485,1510851364486
1510851364486,1510851364506,1510851364510,1510851364513
1510851364511,1510851364531,1510851364533,1510851364534
1510851364534,1510851364551,1510851364553,1510851364554
1510851364555,1510851364573,1510851364575,1510851364577
1510851364576,1510851364598,1510851364600,1510851364601
1510851364601,1510851364620,1510851364622,1510851364624
1510851364624,1510851364642,1510851364644,1510851364647
1510851364645,1510851364667,1510851364670,1510851364671
1510851364671,1510851364688,1510851364691,1510851364693
1510851364692,1510851364710,1510851364712,1510851364716
1510851364715,1510851364737,1510851364739,1510851364741
1510851364740,1510851364757,1510851364760,1510851364761
1510851364761,1510851364779,1510851364783,1510851364785
1510851364785,1510851364802,1510851364804,1510851364806
1510851364806,1510851364825,1510851364827,1510851364828
1510851364828,1510851364847,1510851364851,1510851364854
1510851364852,1510851364870,1510851364873,1510851364875
1510851364875,1510851364892,1510851364894,1510851364895
1510851364895,1510851364914,1510851364919,1510851364923
1510851364921,1510851364941,1510851364943,1510851364944
1510851364944,1510851364961,1510851364963,1510851364964
1510851364965,1510851364985,1510851364987,1510851364989
1510851364988,1510851365006,1510851365008,1510851365010
1510851365010,1510851365029,1510851365031,1510851365032
1510851365032,1510851365052,1510851365054,1510851365057
1510851365057,1510851365075,1510851365078,1510851365081
1510851365079,1510851365096,1510851365101,1510851365103
1510851365103,1510851365124,1510851365126,1510851365128
1510851365127,1510851365145,1510851365147,1510851365148
1510851365148,1510851365167,1510851365170,1510851365174
1510851365173,1510851365195,1510851365197,1510851365199
1510851365199,1510851365217,1510851365219,1510851365221
1510851365221,1510851365240,1510851365242,1510851365243
1510851365243,1510851365262,1510851365265,1510851365268
1510851365266,1510851365285,1510851365287,1510851365288
1510851365288,1510851365309,1510851365312,1510851365314
1510851365314,1510851365335,1510851365337,1510851365339
1510851365339,1510851365356,1510851365358,1510851365359
1510851365359,1510851365378,1510851365381,1510851365383
1510851365383,1510851365403,1510851365406,1510851365407
1510851365407,1510851365426,1510851365428,1510851365429
1510851365429,1510851365449,1510851365451,1510851365453
1510851365453,1510851365471,1510851365474,1510851365475
1510851365475,1510851365492,1510851365494,1510851365496
1510851365496,1510851365515,1510851365519,1510851365522
1510851365521,1510851365540,1510851365543,1510851365544
1510851365544,1510851365561,1510851365563,1510851365565
1510851365565,1510851365587,1510851365589,1510851365592
1510851365590,1510851365607,1510851365610,1510851365611
1510851365612,1510851365630,1510851365632,1510851365633
1510851365634,1510851365654,1510851365656,1510851365658
1510851365658,1510851365676,1510851365678,1510851365680
1510851365680,1510851365698,1510851365700,1510851365701
1510851365702,1510851365724,1510851365727,1510851365729
1510851365727,1510851365745,1510851365747,1510851365749
1510851365749,1510851365767,1510851365771,1510851365773
1510851365773,1510851365792,1510851365795,1510851365796
1510851365796,1510851365815,1510851365818,1510851365819
1510851365819,1510851365840,1510851365843,1510851365846
1510851365845,1510851365861,1510851365863,1510851365865
1510851365865,1510851365883,1510851365885,1510851365886
1510851365886,1510851365906,1510851365908,1510851365910
1510851365910,1510851365933,1510851365935,1510851365936
1510851365936,1510851365953,1510851365956,1510851365957
1510851365957,1510851365979,1510851365982,1510851365984
1510851365981,1510851365999,1510851366001,1510851366003
1510851366003,1510851366021,1510851366024,1510851366027
1510851366025,1510851366044,1510851366047,1510851366049
1510851366050,1510851366069,1510851366071,1510851366073
1510851366073,1510851366090,1510851366092,1510851366094
1510851366094,1510851366112,1510851366116,1510851366120
1510851366118,1510851366140,1510851366142,1510851366144
1510851366143,1510851366161,1510851366164,1510851366165
1510851366167,1510851366189,1510851366191,1510851366194
1510851366193,1510851366211,1510851366213,1510851366214
1510851366215,1510851366234,1510851366237,1510851366240
1510851366239,1510851366260,1510851366262,1510851366263
1510851366263,1510851366282,1510851366284,1510851366285
1510851366285,1510851366303,1510851366307,1510851366309
1510851366310,1510851366333,1510851366335,1510851366338
1510851366337,1510851366354,1510851366357,1510851366358
1510851366359,1510851366382,1510851366385,1510851366387
1510851366386,1510851366404,1510851366406,1510851366407
1510851366407,1510851366426,1510851366428,1510851366429
1510851366429,1510851366450,1510851366452,1510851366454
1510851366453,1510851366471,1510851366473,1510851366475
1510851366475,1510851366493,1510851366495,1510851366496
1510851366496,1510851366516,1510851366520,1510851366523
1510851366524,1510851366543,1510851366545,1510851366546
1510851366546,1510851366564,1510851366567,1510851366569
1510851366571,1510851366590,1510851366593,1510851366595
1510851366594,1510851366613,1510851366615,1510851366617
1510851366617,1510851366640,1510851366650,1510851366654
1510851366651,1510851366678,1510851366684,1510851366686
1510851366686,1510851366703,1510851366706,1510851366707
1510851366708,1510851366731,1510851366736,1510851366737
1510851366737,1510851366755,1510851366757,1510851366759
1510851366759,1510851366779,1510851366782,1510851366787
1510851366783,1510851366803,1510851366805,1510851366807
1510851366807,1510851366825,1510851366828,1510851366829
1510851366829,1510851366848,1510851366851,1510851366854
1510851366853,1510851366873,1510851366875,1510851366877
1510851366876,1510851366894,1510851366896,1510851366897
1510851366897,1510851366919,1510851366923,1510851366928
1510851366923,1510851366943,1510851366945,1510851366946
1510851366946,1510851366964,1510851366968,1510851366972
1510851366970,1510851366991,1510851366993,1510851366996
1510851366995,1510851367013,1510851367015,1510851367017
1510851367017,1510851367035,1510851367039,1510851367040
1510851367040,1510851367060,1510851367062,1510851367063
1510851367063,1510851367082,1510851367084,1510851367086
1510851367086,1510851367103,1510851367107,1510851367108
1510851367109,1510851367131,1510851367134,1510851367135
1510851367134,1510851367151,1510851367153,1510851367154
1510851367154,1510851367176,1510851367179,1510851367181
1510851367180,1510851367198,1510851367200,1510851367201
1510851367201,1510851367220,1510851367222,1510851367224
1510851367224,1510851367243,1510851367245,1510851367248
1510851367249,1510851367266,1510851367268,1510851367270
1510851367270,1510851367288,1510851367290,1510851367292
1510851367292,1510851367310,1510851367312,1510851367315
1510851367316,1510851367337,1510851367340,1510851367341
1510851367341,1510851367359,1510851367361,1510851367362
1510851367362,1510851367381,1510851367383,1510851367385
1510851367384,1510851367406,1510851367408,1510851367410
1510851367410,1510851367428,1510851367431,1510851367432
1510851367432,1510851367451,1510851367453,1510851367456
1510851367455,1510851367473,1510851367476,1510851367477
1510851367477,1510851367494,1510851367496,1510851367498
1510851367498,1510851367517,1510851367520,1510851367524
1510851367524,1510851367543,1510851367545,1510851367546
1510851367546,1510851367564,1510851367566,1510851367571
1510851367570,1510851367590,1510851367592,1510851367593
1510851367593,1510851367611,1510851367615,1510851367616
1510851367617,1510851367635,1510851367638,1510851367641
1510851367640,1510851367657,1510851367659,1510851367661
1510851367661,1510851367681,1510851367683,1510851367685
1510851367684,1510851367702,1510851367704,1510851367705
1510851367706,1510851367727,1510851367730,1510851367731
1510851367731,1510851367748,1510851367751,1510851367752
1510851367752,1510851367771,1510851367775,1510851367776
1510851367776,1510851367794,1510851367798,1510851367799
1510851367799,1510851367817,1510851367819,1510851367821
1510851367821,1510851367840,1510851367841,1510851367843
1510851367843,1510851367861,1510851367864,1510851367866
1510851367866,1510851367884,1510851367886,1510851367888
1510851367888,1510851367906,1510851367908,1510851367910
1510851367910,1510851367934,1510851367937,1510851367938
1510851367937,1510851367955,1510851367957,1510851367958
1510851367958,1510851367979,1510851367982,1510851367984
1510851367983,1510851368001,1510851368003,1510851368004
1510851368004,1510851368023,1510851368025,1510851368027
1510851368027,1510851368045,1510851368048,1510851368049
1510851368050,1510851368068,1510851368071,1510851368072
1510851368072,1510851368090,1510851368092,1510851368094
1510851368094,1510851368112,1510851368117,1510851368119
1510851368119,1510851368138,1510851368140,1510851368142
1510851368142,1510851368159,1510851368161,1510851368162
1510851368163,1510851368181,1510851368184,1510851368185
1510851368185,1510851368206,1510851368209,1510851368211
1510851368211,1510851368229,1510851368231,1510851368233
1510851368232,1510851368255,1510851368257,1510851368258
1510851368258,1510851368276,1510851368279,1510851368280
1510851368280,1510851368297,1510851368299,1510851368300
1510851368301,1510851368321,1510851368324,1510851368327
1510851368325,1510851368343,1510851368345,1510851368347
1510851368347,1510851368365,1510851368367,1510851368369
1510851368371,1510851368393,1510851368397,1510851368400
1510851368399,1510851368417,1510851368419,1510851368420
1510851368421,1510851368441,1510851368443,1510851368446
1510851368444,1510851368465,1510851368467,1510851368469
1510851368469,1510851368487,1510851368489,1510851368490
1510851368490,1510851368509,1510851368511,1510851368514
1510851368514,1510851368537,1510851368539,1510851368541
1510851368541,1510851368558,1510851368560,1510851368563
1510851368561,1510851368580,1510851368582,1510851368584
1510851368583,1510851368602,1510851368604,1510851368606
1510851368606,1510851368625,1510851368627,1510851368628
1510851368629,1510851368647,1510851368650,1510851368652
1510851368653,1510851368672,1510851368674,1510851368675
1510851368675,1510851368693,1510851368695,1510851368698
1510851368696,1510851368718,1510851368722,1510851368727
1510851368723,1510851368742,1510851368744,1510851368745
1510851368745,1510851368763,1510851368766,1510851368768
1510851368769,1510851368788,1510851368791,1510851368793
1510851368792,1510851368810,1510851368813,1510851368814
1510851368814,1510851368833,1510851368836,1510851368841
1510851368839,1510851368859,1510851368860,1510851368862
1510851368861,1510851368880,1510851368882,1510851368884
1510851368884,1510851368902,1510851368905,1510851368909
1510851368907,1510851368930,1510851368933,1510851368935
1510851368934,1510851368951,1510851368953,1510851368955
1510851368955,1510851368975,1510851368978,1510851368981
1510851368981,1510851368999,1510851369001,1510851369002
1510851369003,1510851369023,1510851369025,1510851369026
1510851369026,1510851369049,1510851369051,1510851369053
1510851369052,1510851369069,1510851369071,1510851369073
1510851369073,1510851369090,1510851369092,1510851369093
1510851369094,1510851369113,1510851369118,1510851369120
1510851369120,1510851369140,1510851369142,1510851369143
1510851369143,1510851369160,1510851369162,1510851369164
1510851369164,1510851369182,1510851369184,1510851369186
1510851369186,1510851369206,1510851369208,1510851369210
1510851369210,1510851369229,1510851369231,1510851369232
1510851369232,1510851369251,1510851369254,1510851369257
1510851369256,1510851369275,1510851369277,1510851369279
1510851369279,1510851369296,1510851369298,1510851369299
1510851369300,1510851369320,1510851369322,1510851369326
1510851369325,1510851369342,1510851369344,1510851369346
1510851369346,1510851369363,1510851369367,1510851369370
1510851369370,1510851369391,1510851369393,1510851369394
1510851369394,1510851369415,1510851369417,1510851369419
1510851369419,1510851369437,1510851369442,1510851369445
1510851369443,1510851369460,1510851369462,1510851369463
1510851369464,1510851369483,1510851369485,1510851369486
1510851369486,1510851369504,1510851369508,1510851369512
1510851369511,1510851369533,1510851369536,1510851369537
1510851369537,1510851369554,1510851369556,1510851369558
1510851369558,1510851369578,1510851369581,1510851369584
1510851369582,1510851369599,1510851369601,1510851369603
1510851369603,1510851369621,1510851369624,1510851369626
1510851369626,1510851369644,1510851369648,1510851369651
1510851369649,1510851369669,1510851369672,1510851369674
1510851369674,1510851369691,1510851369693,1510851369694
1510851369694,1510851369713,1510851369718,1510851369721
1510851369719,1510851369740,1510851369742,1510851369743
1510851369743,1510851369761,1510851369763,1510851369764
1510851369764,1510851369787,1510851369789,1510851369791
1510851369790,1510851369808,1510851369810,1510851369811
1510851369812,1510851369831,1510851369833,1510851369835
1510851369835,1510851369854,1510851369856,1510851369858
1510851369858,1510851369877,1510851369879,1510851369880
1510851369880,1510851369898,1510851369900,1510851369902
1510851369903,1510851369924,1510851369927,1510851369929
1510851369928,1510851369946,1510851369948,1510851369949
1510851369949,1510851369967,1510851369970,1510851369974
1510851369975,1510851369993,1510851369997,1510851369999
1510851369999,1510851370018,1510851370020,1510851370021
1510851370022,1510851370041,1510851370044,1510851370046
1510851370046,1510851370063,1510851370066,1510851370068
1510851370068,1510851370087,1510851370089,1510851370090
1510851370090,1510851370108,1510851370111,1510851370117
1510851370113,1510851370135,1510851370137,1510851370139
1510851370139,1510851370156,1510851370158,1510851370159
1510851370159,1510851370181,1510851370184,1510851370185
1510851370184,1510851370201,1510851370203,1510851370204
1510851370205,1510851370224,1510851370226,1510851370227
1510851370227,1510851370248,1510851370250,1510851370251
1510851370251,1510851370268,1510851370270,1510851370272
1510851370273,1510851370290,1510851370292,1510851370293
1510851370293,1510851370315,1510851370317,1510851370320
1510851370320,1510851370342,1510851370344,1510851370345
1510851370347,1510851370365,1510851370367,1510851370368
1510851370369,1510851370390,1510851370394,1510851370397
1510851370395,1510851370416,1510851370418,1510851370420
1510851370420,1510851370437,1510851370441,1510851370442
1510851370442,1510851370462,1510851370464,1510851370466
1510851370466,1510851370484,1510851370486,1510851370487
1510851370487,1510851370507,1510851370509,1510851370511
1510851370512,1510851370533,1510851370535,1510851370537
1510851370537,1510851370554,1510851370556,1510851370557
1510851370558,1510851370576,1510851370578,1510851370581
1510851370580,1510851370600,1510851370603,1510851370604
1510851370604,1510851370623,1510851370625,1510851370627
1510851370627,1510851370646,1510851370650,1510851370652
1510851370652,1510851370671,1510851370674,1510851370675
1510851370676,1510851370693,1510851370695,1510851370697
1510851370697,1510851370718,1510851370722,1510851370726
1510851370725,1510851370744,1510851370746,1510851370747
1510851370747,1510851370765,1510851370767,1510851370769
1510851370770,1510851370790,1510851370794,1510851370797
1510851370796,1510851370816,1510851370818,1510851370819
1510851370819,1510851370840,1510851370842,1510851370844
1510851370843,1510851370865,1510851370867,1510851370869
1510851370869,1510851370887,1510851370889,1510851370891
1510851370891,1510851370911,1510851370914,1510851370916
1510851370917,1510851370937,1510851370940,1510851370941
1510851370941,1510851370959,1510851370961,1510851370963
1510851370963,1510851370987,1510851370989,1510851370991
1510851370990,1510851371008,1510851371011,1510851371014
1510851371012,1510851371030,1510851371032,1510851371034
1510851371035,1510851371055,1510851371057,1510851371059
1510851371059,1510851371076,1510851371079,1510851371080
1510851371080,1510851371098,1510851371100,1510851371101
1510851371101,1510851371121,1510851371124,1510851371127
1510851371126,1510851371144,1510851371146,1510851371149
1510851371147,1510851371165,1510851371167,1510851371169
1510851371170,1510851371190,1510851371192,1510851371194
1510851371193,1510851371212,1510851371215,1510851371217
1510851371217,1510851371235,1510851371237,1510851371242
1510851371240,1510851371259,1510851371260,1510851371263
1510851371262,1510851371281,1510851371283,1510851371284
1510851371284,1510851371302,1510851371304,1510851371307
1510851371308,1510851371330,1510851371333,1510851371335
1510851371333,1510851371351,1510851371353,1510851371354
1510851371354,1510851371376,1510851371379,1510851371382
1510851371381,1510851371398,1510851371401,1510851371402
1510851371402,1510851371422,1510851371424,1510851371425
1510851371425,1510851371446,1510851371450,1510851371452
1510851371448,1510851371467,1510851371469,1510851371471
1510851371471,1510851371489,1510851371491,1510851371492
1510851371492,1510851371513,1510851371516,1510851371519
1510851371519,1510851371538,1510851371540,1510851371542
1510851371541,1510851371559,1510851371561,1510851371562
1510851371562,1510851371581,1510851371583,1510851371585
1510851371584,1510851371604,1510851371606,1510851371608
1510851371607,1510851371626,1510851371628,1510851371630
1510851371629,1510851371649,1510851371652,1510851371654
1510851371653,1510851371670,1510851371674,1510851371675
1510851371675,1510851371693,1510851371695,1510851371699
1510851371696,1510851371716,1510851371720,1510851371724
1510851371721,1510851371742,1510851371744,1510851371745
1510851371745,1510851371763,1510851371765,1510851371767
1510851371768,1510851371787,1510851371791,1510851371795
1510851371795,1510851371814,1510851371816,1510851371817
1510851371817,1510851371835,1510851371839,1510851371840
1510851371840,1510851371860,1510851371862,1510851371865
1510851371863,1510851371883,1510851371888,1510851371889
1510851371886,1510851371905,1510851371909,1510851371911
1510851371911,1510851371935,1510851371938,1510851371939
1510851371939,1510851371956,1510851371958,1510851371959
1510851371959,1510851371981,1510851371983,1510851371985
1510851371985,1510851372003,1510851372005,1510851372007
1510851372007,1510851372026,1510851372028,1510851372029
1510851372029,1510851372049,1510851372052,1510851372055
1510851372056,1510851372076,1510851372079,1510851372080
1510851372081,1510851372099,1510851372101,1510851372102
1510851372102,1510851372125,1510851372127,1510851372131
1510851372128,1510851372147,1510851372149,1510851372151
1510851372151,1510851372169,1510851372171,1510851372176
1510851372175,1510851372194,1510851372197,1510851372199
1510851372199,1510851372217,1510851372219,1510851372220
1510851372220,1510851372242,1510851372244,1510851372247
1510851372248,1510851372265,1510851372267,1510851372269
1510851372269,1510851372287,1510851372289,1510851372291
1510851372291,1510851372311,1510851372314,1510851372317
1510851372316,1510851372337,1510851372339,1510851372340
1510851372340,1510851372357,1510851372359,1510851372361
1510851372361,1510851372382,1510851372385,1510851372387
1510851372386,1510851372404,1510851372406,1510851372407
1510851372407,1510851372426,1510851372428,1510851372430
1510851372430,1510851372452,1510851372454,1510851372456
1510851372456,1510851372475,1510851372477,1510851372478
1510851372478,1510851372496,1510851372498,1510851372500
1510851372500,1510851372523,1510851372525,1510851372528
1510851372527,1510851372544,1510851372546,1510851372548
1510851372548,1510851372566,1510851372568,1510851372569
1510851372570,1510851372591,1510851372594,1510851372596
1510851372595,1510851372613,1510851372616,1510851372617
1510851372618,1510851372635,1510851372637,1510851372638
1510851372640,1510851372658,1510851372660,1510851372662
1510851372661,1510851372680,1510851372682,1510851372683
1510851372684,1510851372701,1510851372703,1510851372706
1510851372706,1510851372730,1510851372733,1510851372734
1510851372734,1510851372751,1510851372753,1510851372755
1510851372755,1510851372776,1510851372779,1510851372781
1510851372782,1510851372799,1510851372803,1510851372804
1510851372804,1510851372822,1510851372825,1510851372827
1510851372827,1510851372851,1510851372853,1510851372855
1510851372854,1510851372873,1510851372875,1510851372876
1510851372876,1510851372894,1510851372897,1510851372898
1510851372899,1510851372921,1510851372926,1510851372928
1510851372927,1510851372945,1510851372947,1510851372948
1510851372948,1510851372966,1510851372968,1510851372970
1510851372972,1510851372993,1510851372997,1510851373000
1510851373000,1510851373020,1510851373024,1510851373025
1510851373025,1510851373044,1510851373046,1510851373049
1510851373049,1510851373067,1510851373070,1510851373071
1510851373071,1510851373090,1510851373092,1510851373094
1510851373094,1510851373115,1510851373118,1510851373120
1510851373119,1510851373139,1510851373141,1510851373142
1510851373143,1510851373160,1510851373162,1510851373164
1510851373164,1510851373184,1510851373186,1510851373189
1510851373190,1510851373211,1510851373215,1510851373217
1510851373216,1510851373235,1510851373237,1510851373239
1510851373240,1510851373257,1510851373259,1510851373261
1510851373260,1510851373279,1510851373281,1510851373282
1510851373282,1510851373300,1510851373303,1510851373304
1510851373306,1510851373327,1510851373330,1510851373334
1510851373332,1510851373349,1510851373351,1510851373352
1510851373353,1510851373371,1510851373375,1510851373377
1510851373378,1510851373397,1510851373399,1510851373400
1510851373401,1510851373420,1510851373422,1510851373423
1510851373423,1510851373443,1510851373446,1510851373447
1510851373449,1510851373465,1510851373467,1510851373469
1510851373469,1510851373487,1510851373489,1510851373490
1510851373491,1510851373509,1510851373513,1510851373515
1510851373515,1510851373536,1510851373538,1510851373539
1510851373539,1510851373557,1510851373559,1510851373560
1510851373560,1510851373581,1510851373583,1510851373585
1510851373586,1510851373603,1510851373606,1510851373607
1510851373607,1510851373627,1510851373629,1510851373630
1510851373630,1510851373650,1510851373652,1510851373654
1510851373653,1510851373672,1510851373675,1510851373680
1510851373676,1510851373694,1510851373696,1510851373697
1510851373697,1510851373717,1510851373719,1510851373721
1510851373720,1510851373740,1510851373742,1510851373743
1510851373744,1510851373761,1510851373764,1510851373766
1510851373766,1510851373787,1510851373789,1510851373791
1510851373790,1510851373808,1510851373811,1510851373812
1510851373812,1510851373831,1510851373832,1510851373835
1510851373835,1510851373854,1510851373856,1510851373858
1510851373857,1510851373876,1510851373878,1510851373879
1510851373879,1510851373897,1510851373899,1510851373900
1510851373900,1510851373920,1510851373923,1510851373927
1510851373926,1510851373944,1510851373946,1510851373947
1510851373947,1510851373965,1510851373969,1510851373971
1510851373971,1510851373994,1510851373996,1510851373997
1510851373998,1510851374017,1510851374019,1510851374020
1510851374020,1510851374039,1510851374041,1510851374045
1510851374043,1510851374064,1510851374066,1510851374068
1510851374067,1510851374086,1510851374088,1510851374089
1510851374089,1510851374110,1510851374113,1510851374116
1510851374115,1510851374135,1510851374137,1510851374138
1510851374138,1510851374155,1510851374157,1510851374159
1510851374159,1510851374180,1510851374182,1510851374185
1510851374184,1510851374201,1510851374203,1510851374205
1510851374205,1510851374224,1510851374226,1510851374227
1510851374227,1510851374248,1510851374250,1510851374253
1510851374252,1510851374270,1510851374273,1510851374274
1510851374275,1510851374291,1510851374293,1510851374294
1510851374295,1510851374315,1510851374317,1510851374320
1510851374319,1510851374339,1510851374340,1510851374342
1510851374342,1510851374360,1510851374362,1510851374364
1510851374365,1510851374385,1510851374388,1510851374390
1510851374389,1510851374406,1510851374409,1510851374411
1510851374411,1510851374430,1510851374432,1510851374433
1510851374433,1510851374454,1510851374456,1510851374458
1510851374458,1510851374477,1510851374479,1510851374480
1510851374480,1510851374499,1510851374502,1510851374504
1510851374504,1510851374527,1510851374529,1510851374531
1510851374531,1510851374548,1510851374550,1510851374551
1510851374551,1510851374571,1510851374575,1510851374578
1510851374578,1510851374596,1510851374598,1510851374599
1510851374600,1510851374618,1510851374620,1510851374621
1510851374622,1510851374640,1510851374642,1510851374644
1510851374644,1510851374663,1510851374666,1510851374667
1510851374668,1510851374685,1510851374687,1510851374688
1510851374689,1510851374709,1510851374712,1510851374716
1510851374714,1510851374734,1510851374736,1510851374737
1510851374738,1510851374755,1510851374758,1510851374759
1510851374759,1510851374780,1510851374783,1510851374785
1510851374785,1510851374802,1510851374804,1510851374805
1510851374806,1510851374825,1510851374827,1510851374828
1510851374828,1510851374848,1510851374851,1510851374853
1510851374852,1510851374870,1510851374873,1510851374874
1510851374874,1510851374892,1510851374894,1510851374895
1510851374895,1510851374917,1510851374919,1510851374921
1510851374920,1510851374940,1510851374943,1510851374944
1510851374944,1510851374962,1510851374965,1510851374966
1510851374967,1510851374987,1510851374989,1510851374991
1510851374991,1510851375009,1510851375011,1510851375013
1510851375013,1510851375031,1510851375034,1510851375037
1510851375036,1510851375057,1510851375059,1510851375060
1510851375060,1510851375079,1510851375081,1510851375082
1510851375082,1510851375100,1510851375102,1510851375104
1510851375106,1510851375130,1510851375133,1510851375134
1510851375134,1510851375151,1510851375153,1510851375155
1510851375155,1510851375175,1510851375179,1510851375182
1510851375180,1510851375198,1510851375200,1510851375201
1510851375202,1510851375219,1510851375221,1510851375222
1510851375223,1510851375244,1510851375246,1510851375249
1510851375249,1510851375266,1510851375268,1510851375270
1510851375270,1510851375288,1510851375290,1510851375291
1510851375291,1510851375310,1510851375313,1510851375317
1510851375315,1510851375335,1510851375337,1510851375338
1510851375339,1510851375356,1510851375358,1510851375359
1510851375359,1510851375383,1510851375385,1510851375387
1510851375385,1510851375403,1510851375405,1510851375406
1510851375407,1510851375425,1510851375427,1510851375428
1510851375429,1510851375449,1510851375451,1510851375453
1510851375452,1510851375469,1510851375471,1510851375473
